escr0011.w;ADM,V01,W03,DT0,A04,M02,R01
escr0012.w;ADM,DT0
escr0003.w;ADM,V01,W03,DT0,A04                                                                                                                                                                                
escr0005.w;ADM,E02,V01,W03,DT0,A04,C05,C06
escr0001.w;ADM,E02,R01,V01,W03,DT0,A04                                                                                                                                                                        
escr0013.w;ADM,V01,W03,DT0,A04                                                                                                                                                                                
escr0014.w;ADM,M02,V01,W03,DT0,A04                                                                                                                                                                            
escr0008.w;ADM,E02,V01,W03,DT0,A04                                                                                                                                                                            
escr0006.w;ADM,J03,E02,C05,V01,W03,DT0,C06,A04                                                                                                                                                                
escr0002.w;ADM,E02,V01,R01,W03,DT0,A04                                                                                                                                                                        
escr0007.w;ADM,E02,V01,W03,DT0,A04                                                                                                                                                                            
esap0001.w;ADM,AP0,DT0,DT0                                                                                                                                                                                    
esft0014.w;ADM,W02,VD0,DT0                                                                                                                                                                                    
esft0030.w;ADM,W02,VD0,DT0                                                                                                                                                                                    
esft0006.w;ADM,W02,VD0,DT0                                                                                                                                                                                    
esft0007.w;ADM,W02,VD0,DT0                                                                                                                                                                                    
esft0004.w;ADM,W02,J02,J01,VD0,DT0                                                                                                                                                                            
esft0018.w;ADM,W02,VD0,DT0                                                                                                                                                                                    
esft0027.w;ADM,W02,VD0,DT0                                                                                                                                                                                    
esft0012.w;ADM,W02,EP0,VD0,DT0                                                                                                                                                                                
esft0022.w;ADM,R02,W02,EP0,VD0,DT0,E02                                                                                                                                                                            
esft0005.w;ADM,W02,J02,J01,VD0,DT0                                                                                                                                                                            
esft0008.w;ADM,E02,W02,VD0,DT0                                                                                                                                                                                
esft0009.w;ADM,E02,W02,VD0,DT0                                                                                                                                                                                
esft0010.w;ADM,W02,VD0,DT0                                                                                                                                                                                    
esft0001.w;ADM,W02,CS0,QL0,R04,EP0,VD0,DT0                                                                                                                                                                    
esft0029.w;ADM,D06,W02,CS0,VD0,DT0,C06                                                                                                                                                                        
esft0002.w;ADM,W02,LJ0,VD0,DT0                                                                                                                                                                                
esft0032.w;ADM,W02,J02,J01,EP0,W03,VD0,DT0                                                                                                                                                                    
espd0012.w;ADM,W02,J02,J01,W03,VD0,DT0                                                                                                                                                                        
espd0010.w;ADM,W02,J02,J01,EP0,W03,VD0,DT0                                                                                                                                                                    
espd0003.w;ADM,W02,J02,V01,J01,EP0,W03,VD0,DT0,A04                                                                                                                                                            
espd0007.w;ADM,C02,W02,J02,J01,VD0,DT0,EP0                                                                                                                                                                    
espd0006.w;ADM,W02,EP0,W03,VD0,DT0,E02                                                                                                                                                                        
espd0009.w;ADM,W02,W03,VD0,DT0,E02                                                                                                                                                                            
espd0008.w;ADM,W02,EP0,W03,VD0,DT0,E02                                                                                                                                                                        
espd0017.w;ADM,W02,J02,J01,VD0,DT0,M02,V01,A04                                                                                                                                                                
espd0013.w;ADM,W02,EP0,VD0,DT0                                                                                                                                                                                
espd0019.w;ADM,W02,J02,J01,VD0,DT0                                                                                                                                                                            
espd0014.w;ADM,W02,J02,J01,VD0,DT0                                                                                                                                                                            
espd0004.w;ADM,W02,QL0,J02,J01,EP0,VD0,DT0                                                                                                                                                                    
espd0002.w;ADM,W02,QL0,J02,R04,J01,EP0,VD0,DT0,E02,R05,V01                                                                                                                                                    
espd0001.w;ADM,W02,QL0,J02,J01,EP0,DT0                                                                                                                                                                        
espd0015.w;ADM,P03,C02,W02,CS0,A09,J02,J01,VD0,DT0                                                                                                                                                            
espd0011.w;ADM,DT0                                                                                                                                                                                            
espd0005.w;ADM,W02,QL0,EP0,VD0,DT0                                                                                                                                                                            
esce0006.w;ADM,W02,J01,EP0,VD0,DT0                                                                                                                                                                            
esce0005.w;ADM,W02,QL0,J01,EP0,DT0,VD0                                                                                                                                                                        
esce0011.w;ADM,W02,VD0,DT0                                                                                                                                                                                    
esce0012.w;ADM,W02,J02,J01,EP0,VD0,DT0,QL0                                                                                                                                                                    
esce0001.w;ADM,DT0                                                                                                                                                                                            
esce0004.w;ADM,DT0,CS0                                                                                                                                                                                        
esce0003.w;ADM,A01,CE0,C02,W02,CS0,G02,QL0,J01,EP0,C06,DT0,C05,CP0                                                                                                                                            
esce0007.w;ADM,P03,C02,DT0                                                                                                                                                                                    
esce0002.w;ADM,CS0,DT0                                                                                                                                                                                        
esce0008.w;ADM,LJ0,DT0,CE0                                                                                                                                                                                    
escc0001.w;ADM,C02,CS0,CC0,DT0                                                                                                                                                                                
escc0002.w;ADM,C02,CS0,CC0,DT0                                                                                                                                                                                
escc0305.w;ADM,CC0,DT0                                                                                                                                                                                        
essp0019.w;ADM,CP0,DT0                                                                                                                                                                                        
essp0021.w;ADM,M05,G02                                                                                                                                                                                        
essp0024.w;ADM,W02,J02,J01,VD0,DT0                                                                                                                                                                            
essp0026.w;ADM,W02,CP0,J02,DT0,QL0,D04,VD0                                                                                                                                                                        
essp0056.w;ADM,CS0,QL0,J01,EP0,DT0,W02                                                                                                                                                                            
essp0060.w;ADM,P03,C02,W02,A09,J02,J01,EP0,VD0,DT0,QL0                                                                                                                                                            
essp0027.w;ADM,W02,J02,J01,VD0,DT0                                                                                                                                                                            
essp0062.w;ADM,W02,J01,EP0,VD0,DT0,J02                                                                                                                                                                        
essp0089.w;ADM,W02,VD0,DT0                                                                                                                                                                                    
essp0020.w;*
essp0022.w;*
essp0025.w;*
essp0064.w;ADM,CS0,QL0,J01,EP0,DT0                                                                                                                                                                            
essp0087.w;ADM,CS0,QL0,J01,EP0,DT0                                                                                                                                                                            
essp0088.w;ADM,CS0,J01,EP0,DT0                                                                                                                                                                                
essp0017.w;ADM,S01,M07,L05,MC0                                                                                                                                                                                
essp0030.w;ADM,S01,M07,L05,MC0                                                                                                                                                                                
essp0006.w;ADM,S01,M07,L05,MC0                                                                                                                                                                                
essp0034.w;ADM,S01,M07,L05,MC0                                                                                                                                                                                
essp0036.w;ADM,S01,M07,L05,MC0                                                                                                                                                                                
essp0018.w;ADM,S01,M07,L05,MC0                                                                                                                                                                                
essp0031.w;ADM,S01,M07,L05,MC0                                                                                                                                                                                
essp0007.w;ADM,S01,M07,L05,MC0                                                                                                                                                                                
essp0035.w;ADM,S01,M07,L05,MC0                                                                                                                                                                                
essp0037.w;ADM,S01,M07,L05,MC0                                                                                                                                                                                
essp0086.w;ADM,S01,M07,L05,MC0                                                                                                                                                                                
essp0085.w;ADM,S01,M07,L05,MC0                                                                                                                                                                                
essp0082.w;ADM,S01,M07,L05,MC0                                                                                                                                                                                
essp0079.w;ADM,S01,M07,L05,MC0                                                                                                                                                                                
essp0083.w;ADM,S01,M07,L05,MC0                                                                                                                                                                                
essp0084.w;ADM,S01,M07,L05,MC0                                                                                                                                                                                
essp0080.w;ADM,S01,M07,L05,MC0                                                                                                                                                                                
essp0081.w;ADM,S01,M07,L05,MC0                                                                                                                                                                                
essp0002.w;ADM,LB0,M05                                                                                                                                                                                        
essp0001.w;ADM,M05                                                                                                                                                                                            
essp0008.w;ADM,M05,LB0                                                                                                                                                                                        
essp0028.w;ADM,M05                                                                                                                                                                                            
essp0041.w;ADM,M03                                                                                                                                                                                            
essp0045.w;ADM,M05                                                                                                                                                                                            
essp0049.w;ADM,LB0,M05                                                                                                                                                                                        
essp0009.w;ADM,LB0,M05                                                                                                                                                                                        
essp0004.w;ADM,M05                                                                                                                                                                                            
essp0053.w;ADM,M05                                                                                                                                                                                            
essp0011.w;ADM,LB0,M05                                                                                                                                                                                        
essp0010.w;ADM,LB0,M05                                                                                                                                                                                        
essp0016.w;ADM,LB0,M05                                                                                                                                                                                        
essp0029.w;ADM,LB0,M05                                                                                                                                                                                        
essp0042.w;ADM,LB0,M05                                                                                                                                                                                        
essp0046.w;ADM,LB0,M05                                                                                                                                                                                        
essp0050.w;ADM,LB0,M05                                                                                                                                                                                        
essp0023.w;ADM,LB0,M05                                                                                                                                                                                        
essp0013.w;ADM,LB0,M05                                                                                                                                                                                        
essp0054.w;ADM,LB0,M05                                                                                                                                                                                        
essp0039.w;ADM,LB0,M05                                                                                                                                                                                        
essp0038.w;ADM,LB0,M05                                                                                                                                                                                        
essp0066.w;ADM,LB0,M05                                                                                                                                                                                        
essp0058.w;ADM,LB0,M05                                                                                                                                                                                        
essp0043.w;ADM,LB0,M05                                                                                                                                                                                        
essp0047.w;ADM,LB0,M05                                                                                                                                                                                        
essp0051.w;ADM,LB0,M05                                                                                                                                                                                        
essp0068.w;ADM,LB0,M05                                                                                                                                                                                        
essp0069.w;ADM,LB0,M05                                                                                                                                                                                        
essp0055.w;ADM,LB0,M05                                                                                                                                                                                        
essp0040.w;ADM,LB0,M05                                                                                                                                                                                        
essp0065.w;ADM,LB0,M05                                                                                                                                                                                        
essp0067.w;ADM,LB0,M05                                                                                                                                                                                        
essp0059.w;ADM,LB0,M05                                                                                                                                                                                        
essp0044.w;ADM,LB0,M05                                                                                                                                                                                        
essp0048.w;ADM,LB0,M05                                                                                                                                                                                        
essp0052.w;ADM,LB0,M05                                                                                                                                                                                        
essp0061.w;ADM,M05,LB0                                                                                                                                                                                        
essp0070.w;ADM,LB0,M05                                                                                                                                                                                        
essp0063.w;ADM,LB0,M05                                                                                                                                                                                        
essp0005.w;ADM,M05,QL0                                                                                                                                                                                        
essp0032.w;ADM,M05                                                                                                                                                                                            
essp0057.w;ADM,M05,QL0                                                                                                                                                                                        
essp0003.w;ADM,M05                                                                                                                                                                                            
essp0014.w;ADM,LB0,M05                                                                                                                                                                                        
essp0033.w;ADM,LB0,M05                                                                                                                                                                                        
essp0012.w;ADM,LB0,M05                                                                                                                                                                                        
essp0075.w;ADM,M05,QL0                                                                                                                                                                                        
essp0072.w;ADM,M05,A09,QL0                                                                                                                                                                                    
essp0073.w;ADM,M05,A09,QL0,LB0                                                                                                                                                                                
essp0074.w;ADM,M05,A09,QL0                                                                                                                                                                                    
essp0078.w;ADM,W02,M05,QL0                                                                                                                                                                                    
essp0076.w;ADM,M05,A09,QL0                                                                                                                                                                                    
essp0077.w;ADM,M05,A09,QL0                                                                                                                                                                                    
essp0071.w;ADM,W02,M05,A09,QL0,LB0                                                                                                                                                                            
